Filename,Invoice No;Filename;Invoice No
bill_1.jpg,INV202505001;bill_1.jpg;INV202505001
bill_10.jpg,INV202505010;bill_10.jpg;INV202505010
bill_11.jpg,INV202505011;bill_11.jpg;INV202505011
bill_12.jpg,INV202505012;bill_12.jpg;INV202505012
bill_13.jpg,INV202505013;bill_13.jpg;INV202505013
bill_14.jpg,INV202505014;bill_14.jpg;INV202505014
bill_15.jpg,INV202505015;bill_15.jpg;INV202505015
bill_16.jpg,INV202505016;bill_16.jpg;INV202505016
bill_17.jpg,INV202505017;bill_17.jpg;INV202505017
bill_18.jpg,INV202505018;bill_18.jpg;INV202505018
bill_19.jpg,INV202505019;bill_19.jpg;INV202505019
bill_2.jpg,;bill_2.jpg;
bill_20.jpg,INV202505020;bill_20.jpg;INV202505020
bill_3.jpg,INV202505003;bill_3.jpg;INV202505003
bill_4.jpg,INV202505004;bill_4.jpg;INV202505004
bill_5.jpg,INV202505005;bill_5.jpg;INV202505005
bill_6.jpg,INV202505006;bill_6.jpg;INV202505006
bill_7.jpg,INV202505007;bill_7.jpg;INV202505007
bill_8.jpg,INV202505008;bill_8.jpg;INV202505008
bill_9.jpg,INV202505009;bill_9.jpg;INV202505009
